game_pk,home_team,away_team,home_pitcher,away_pitcher,venue_name,park_wind_suppression,catcher_framing_delta
824466,Cincinnati Reds,Los Angeles Dodgers,Rhett Lowder,Yoshinobu Yamamoto,Great American Ball Park,0.0,0.0
822925,Tampa Bay Rays,Athletics,Griffin Jax,Jack Perkins,Tropicana Field,0.0,0.0
824384,Cleveland Guardians,Chicago White Sox,Foster Griffin,Chris Murphy,Progressive Field,0.0,0.0
823333,Pittsburgh Pirates,Milwaukee Brewers,Lake Bachar,Jacob Misiorowski,PNC Park,0.0,0.0
822683,Washington Nationals,Philadelphia Phillies,Jackson Kent,Cristopher Sánchez,Nationals Park,0.0,0.0
822762,Toronto Blue Jays,Detroit Tigers,Braydon Fisher,Drew Anderson,Rogers Centre,0.0,0.0
823574,New York Mets,Baltimore Orioles,Sean Manaea,Shane Baz,Citi Field,0.0,0.0
824627,Chicago Cubs,Atlanta Braves,Kevin Gausman,Martín Pérez,Wrigley Field,0.0,0.0
823654,Minnesota Twins,New York Yankees,Bailey Ober,Max Fried,Target Field,0.0,0.0
823007,St. Louis Cardinals,San Francisco Giants,Andre Pallante,Blade Tidwell,Busch Stadium,0.0,0.0
822849,Texas Rangers,Boston Red Sox,Jacob deGrom,Patrick Sandoval,Globe Life Field,0.0,0.0
824143,Houston Astros,Kansas City Royals,Hunter Brown,Michael Wacha,Daikin Park,0.0,0.0
824307,Colorado Rockies,San Diego Padres,Kyle Freeland,Walker Buehler,Coors Field,0.0,0.0
823980,Los Angeles Angels,Seattle Mariners,Ryan Johnson,Logan Gilbert,Angel Stadium,0.0,0.0
825030,Arizona Diamondbacks,Miami Marlins,Michael Soroka,Janson Junk,Chase Field,0.0,0.0
