player,team,matchup,ev90,barrel_rate,p_hr_game,fair_odds,150g_pace
Yordan Alvarez,HOU,vs Jack Perkins,109.4,0.185,0.3928,+154,71.1
Fernando Tatis Jr.,SAN,vs Taylor Clarke,107.1,0.145,0.2578,+287,43.4
Ketel Marte,ARI,vs Walker Buehler,106.8,0.138,0.2516,+297,42.2
Shea Langeliers,ATH,vs Hayden Wesneski,106.4,0.135,0.2171,+360,35.8
Manny Machado,SAN,vs Taylor Clarke,106.0,0.128,0.2066,+384,33.9
Cal Raleigh,SEA,vs Ryan Johnson,106.2,0.142,0.199,+402,32.5
Jackson Merrill,SAN,vs Taylor Clarke,105.2,0.115,0.1893,+428,30.7
Zach Neto,LOS,vs Kade Anderson,104.8,0.11,0.1628,+514,26.2
Corbin Carroll,ARI,vs Walker Buehler,104.5,0.108,0.1531,+553,24.4
Jeremy Peña,HOU,vs Jack Perkins,103.0,0.068,0.1312,+662,20.8
Henry Bolte,ATH,vs Hayden Wesneski,103.0,0.068,0.1285,+678,20.4
Lars Nootbaar,ARI,vs Walker Buehler,103.0,0.068,0.1254,+697,19.8
Lawrence Butler,ATH,vs Hayden Wesneski,103.0,0.068,0.1254,+697,19.8
Isaac Paredes,HOU,vs Jack Perkins,103.0,0.068,0.1247,+701,19.7
Dustin Harris,SAN,vs Taylor Clarke,103.0,0.068,0.1228,+714,19.4
Jose Altuve,HOU,vs Jack Perkins,103.0,0.068,0.1215,+723,19.2
Gabriel Moreno,ARI,vs Walker Buehler,103.0,0.068,0.1192,+738,18.8
Jeff McNeil,ATH,vs Hayden Wesneski,103.0,0.068,0.1191,+739,18.8
Yainer Diaz,HOU,vs Jack Perkins,103.0,0.068,0.1183,+745,18.6
J.P. Crawford,SEA,vs Ryan Johnson,103.0,0.068,0.1165,+758,18.4
Geraldo Perdomo,ARI,vs Walker Buehler,103.0,0.068,0.1161,+761,18.3
Zack Gelof,ATH,vs Hayden Wesneski,103.0,0.068,0.1159,+762,18.2
Randy Arozarena,SEA,vs Ryan Johnson,103.0,0.068,0.1137,+779,17.9
Ty France,SAN,vs Taylor Clarke,103.0,0.068,0.1135,+781,17.8
Mike Trout,LOS,vs Kade Anderson,103.0,0.068,0.1122,+791,17.6
Dominic Canzone,SEA,vs Ryan Johnson,103.0,0.068,0.1108,+802,17.4
Jose Siri,LOS,vs Kade Anderson,103.0,0.068,0.1094,+814,17.2
Vaughn Grissom,LOS,vs Kade Anderson,103.0,0.068,0.1065,+838,16.7
Josh Naylor,SEA,vs Ryan Johnson,103.0,0.068,0.105,+852,16.4
Denzer Guzman,LOS,vs Kade Anderson,103.0,0.068,0.1037,+864,16.2
