game_pk,matchup,status,hp_umpire,team,side,order,player_name,position,obp,k_rate
849845,Philadelphia Phillies @ Atlanta Braves,Final,TBD,Philadelphia Phillies,away,1,Trea Turner,SS,0.25,0.25
849845,Philadelphia Phillies @ Atlanta Braves,Final,TBD,Philadelphia Phillies,away,2,Kyle Schwarber,DH,0.5,0.25
849845,Philadelphia Phillies @ Atlanta Braves,Final,TBD,Philadelphia Phillies,away,3,Bryce Harper,1B,0.0,0.5
849845,Philadelphia Phillies @ Atlanta Braves,Final,TBD,Philadelphia Phillies,away,4,Alec Bohm,3B,0.25,0.0
849845,Philadelphia Phillies @ Atlanta Braves,Final,TBD,Philadelphia Phillies,away,5,Brandon Marsh,PH,1.0,0.0
849845,Philadelphia Phillies @ Atlanta Braves,Final,TBD,Philadelphia Phillies,away,6,Bryan De La Cruz,LF,0.25,0.25
849845,Philadelphia Phillies @ Atlanta Braves,Final,TBD,Philadelphia Phillies,away,7,Bryson Stott,2B,0.25,0.5
849845,Philadelphia Phillies @ Atlanta Braves,Final,TBD,Philadelphia Phillies,away,8,Justin Crawford,CF,0.0,0.0
849845,Philadelphia Phillies @ Atlanta Braves,Final,TBD,Philadelphia Phillies,away,9,J.T. Realmuto,C,0.333,0.333
849845,Philadelphia Phillies @ Atlanta Braves,Final,TBD,Atlanta Braves,home,1,Drake Baldwin,C,0.0,0.25
849845,Philadelphia Phillies @ Atlanta Braves,Final,TBD,Atlanta Braves,home,2,Ronald Acuña Jr.,RF,0.25,0.0
849845,Philadelphia Phillies @ Atlanta Braves,Final,TBD,Atlanta Braves,home,3,Matt Olson,1B,0.0,0.5
849845,Philadelphia Phillies @ Atlanta Braves,Final,TBD,Atlanta Braves,home,4,Mauricio Dubón,SS,0.25,0.5
849845,Philadelphia Phillies @ Atlanta Braves,Final,TBD,Atlanta Braves,home,5,Michael Harris II,CF,1.0,0.0
849845,Philadelphia Phillies @ Atlanta Braves,Final,TBD,Atlanta Braves,home,6,Ozzie Albies,2B,0.75,0.0
849845,Philadelphia Phillies @ Atlanta Braves,Final,TBD,Atlanta Braves,home,7,Austin Riley,3B,0.5,0.0
849845,Philadelphia Phillies @ Atlanta Braves,Final,TBD,Atlanta Braves,home,8,Mike Yastrzemski,LF,0.25,0.25
849845,Philadelphia Phillies @ Atlanta Braves,Final,TBD,Atlanta Braves,home,9,Raisel Iglesias,P,0.0,0.0
849849,Chicago White Sox @ Houston Astros,Live,TBD,Chicago White Sox,away,1,Sam Antonacci,LF,1.0,0.0
849849,Chicago White Sox @ Houston Astros,Live,TBD,Chicago White Sox,away,2,Kyle Teel,C,0.0,0.0
849849,Chicago White Sox @ Houston Astros,Live,TBD,Chicago White Sox,away,3,Miguel Vargas,3B,0.0,0.0
849849,Chicago White Sox @ Houston Astros,Live,TBD,Chicago White Sox,away,4,Munetaka Murakami,1B,0.0,0.0
849849,Chicago White Sox @ Houston Astros,Live,TBD,Chicago White Sox,away,5,Andrew Benintendi,DH,0.0,0.0
849849,Chicago White Sox @ Houston Astros,Live,TBD,Chicago White Sox,away,6,Tristan Peters,CF,0.0,0.0
849849,Chicago White Sox @ Houston Astros,Live,TBD,Chicago White Sox,away,7,Braden Montgomery,RF,0.0,0.0
849849,Chicago White Sox @ Houston Astros,Live,TBD,Chicago White Sox,away,8,Chase Meidroth,2B,0.0,0.0
849849,Chicago White Sox @ Houston Astros,Live,TBD,Chicago White Sox,away,9,Colson Montgomery,SS,0.0,0.0
849849,Chicago White Sox @ Houston Astros,Live,TBD,Houston Astros,home,1,Jeremy Peña,SS,0.0,0.0
849849,Chicago White Sox @ Houston Astros,Live,TBD,Houston Astros,home,2,Yordan Alvarez,DH,0.0,0.0
849849,Chicago White Sox @ Houston Astros,Live,TBD,Houston Astros,home,3,Isaac Paredes,3B,0.0,0.0
849849,Chicago White Sox @ Houston Astros,Live,TBD,Houston Astros,home,4,Jose Altuve,2B,0.0,0.0
849849,Chicago White Sox @ Houston Astros,Live,TBD,Houston Astros,home,5,Yainer Diaz,C,0.0,0.0
849849,Chicago White Sox @ Houston Astros,Live,TBD,Houston Astros,home,6,Christian Walker,1B,0.0,0.0
849849,Chicago White Sox @ Houston Astros,Live,TBD,Houston Astros,home,7,Lucas Spence,CF,0.0,0.0
849849,Chicago White Sox @ Houston Astros,Live,TBD,Houston Astros,home,8,Cam Smith,RF,0.0,0.0
849849,Chicago White Sox @ Houston Astros,Live,TBD,Houston Astros,home,9,Taylor Trammell,LF,0.0,0.0
849851,Boston Red Sox @ New York Yankees,Preview,TBD,Boston Red Sox,away,1,Roman Anthony,DH,0.339,0.273
849851,Boston Red Sox @ New York Yankees,Preview,TBD,Boston Red Sox,away,2,Adley Rutschman,C,0.315,0.166
849851,Boston Red Sox @ New York Yankees,Preview,TBD,Boston Red Sox,away,3,Willson Contreras,1B,0.386,0.252
849851,Boston Red Sox @ New York Yankees,Preview,TBD,Boston Red Sox,away,4,Wilyer Abreu,RF,0.327,0.207
849851,Boston Red Sox @ New York Yankees,Preview,TBD,Boston Red Sox,away,5,Ceddanne Rafaela,CF,0.319,0.203
849851,Boston Red Sox @ New York Yankees,Preview,TBD,Boston Red Sox,away,6,Nick Sogard,2B,0.342,0.202
849851,Boston Red Sox @ New York Yankees,Preview,TBD,Boston Red Sox,away,7,Jarren Duran,LF,0.266,0.271
849851,Boston Red Sox @ New York Yankees,Preview,TBD,Boston Red Sox,away,8,Trevor Story,SS,0.271,0.323
849851,Boston Red Sox @ New York Yankees,Preview,TBD,Boston Red Sox,away,9,Caleb Durbin,3B,0.332,0.135
849851,Boston Red Sox @ New York Yankees,Preview,TBD,New York Yankees,home,1,Paul Goldschmidt,1B,0.313,0.226
849851,Boston Red Sox @ New York Yankees,Preview,TBD,New York Yankees,home,2,Ben Rice,DH,0.363,0.243
849851,Boston Red Sox @ New York Yankees,Preview,TBD,New York Yankees,home,3,Heliot Ramos,RF,0.305,0.274
849851,Boston Red Sox @ New York Yankees,Preview,TBD,New York Yankees,home,4,Cody Bellinger,LF,0.338,0.158
849851,Boston Red Sox @ New York Yankees,Preview,TBD,New York Yankees,home,5,George Lombard Jr.,SS,0.285,0.265
849851,Boston Red Sox @ New York Yankees,Preview,TBD,New York Yankees,home,6,Amed Rosario,3B,0.279,0.234
849851,Boston Red Sox @ New York Yankees,Preview,TBD,New York Yankees,home,7,Anthony Volpe,2B,0.321,0.228
849851,Boston Red Sox @ New York Yankees,Preview,TBD,New York Yankees,home,8,Spencer Jones,CF,0.313,0.363
849851,Boston Red Sox @ New York Yankees,Preview,TBD,New York Yankees,home,9,Austin Wells,C,0.292,0.265
