batter,order,matchup,hr_prob,fair_odds,air_density
Sam Antonacci,1,CWS @ HOU,0.0734,+1262,1.1844
Kyle Teel,2,CWS @ HOU,0.096,+942,1.1844
Miguel Vargas,3,CWS @ HOU,0.1056,+847,1.1844
Munetaka Murakami,4,CWS @ HOU,0.163,+513,1.1844
Andrew Benintendi,5,CWS @ HOU,0.083,+1105,1.1844
Tristan Peters,6,CWS @ HOU,0.0751,+1232,1.1844
Braden Montgomery,7,CWS @ HOU,0.1357,+637,1.1844
Chase Meidroth,8,CWS @ HOU,0.0696,+1337,1.1844
Colson Montgomery,9,CWS @ HOU,0.123,+713,1.1844
Jeremy Peña,1,CWS @ HOU,0.0905,+1005,1.1844
Yordan Alvarez,2,CWS @ HOU,0.2068,+384,1.1844
Isaac Paredes,3,CWS @ HOU,0.1163,+760,1.1844
Jose Altuve,4,CWS @ HOU,0.0957,+945,1.1844
Yainer Diaz,5,CWS @ HOU,0.1087,+820,1.1844
Christian Walker,6,CWS @ HOU,0.1478,+577,1.1844
Lucas Spence,7,CWS @ HOU,0.1137,+780,1.1844
Cam Smith,8,CWS @ HOU,0.1005,+895,1.1844
Taylor Trammell,9,CWS @ HOU,0.0932,+973,1.1844
Roman Anthony,1,BOS @ NYY,0.1321,+657,1.1985
Adley Rutschman,2,BOS @ NYY,0.091,+999,1.1985
Willson Contreras,3,BOS @ NYY,0.1156,+765,1.1985
Wilyer Abreu,4,BOS @ NYY,0.14,+614,1.1985
Ceddanne Rafaela,5,BOS @ NYY,0.0892,+1021,1.1985
Nick Sogard,6,BOS @ NYY,0.0697,+1335,1.1985
Jarren Duran,7,BOS @ NYY,0.112,+793,1.1985
Trevor Story,8,BOS @ NYY,0.1061,+843,1.1985
Caleb Durbin,9,BOS @ NYY,0.0682,+1366,1.1985
Paul Goldschmidt,1,BOS @ NYY,0.113,+785,1.1985
Ben Rice,2,BOS @ NYY,0.156,+541,1.1985
Heliot Ramos,3,BOS @ NYY,0.127,+687,1.1985
Cody Bellinger,4,BOS @ NYY,0.1115,+797,1.1985
George Lombard Jr.,5,BOS @ NYY,0.0914,+994,1.1985
Amed Rosario,6,BOS @ NYY,0.0758,+1219,1.1985
Anthony Volpe,7,BOS @ NYY,0.0963,+938,1.1985
Spencer Jones,8,BOS @ NYY,0.1817,+450,1.1985
Austin Wells,9,BOS @ NYY,0.1053,+850,1.1985
Ian Happ,1,CHC @ SD,0.1119,+794,1.1869
Dansby Swanson,2,CHC @ SD,0.0985,+915,1.1869
Seiya Suzuki,3,CHC @ SD,0.145,+590,1.1869
Michael Busch,4,CHC @ SD,0.1565,+539,1.1869
Isaac Collins,5,CHC @ SD,0.0843,+1086,1.1869
Nico Hoerner,6,CHC @ SD,0.0672,+1388,1.1869
Pete Crow-Armstrong,7,CHC @ SD,0.1002,+898,1.1869
Moises Ballesteros,8,CHC @ SD,0.0992,+908,1.1869
Matt Shaw,9,CHC @ SD,0.0893,+1020,1.1869
Luis Arraez,1,CHC @ SD,0.0632,+1482,1.1869
Fernando Tatis Jr.,2,CHC @ SD,0.1719,+482,1.1869
Jurickson Profar,3,CHC @ SD,0.1003,+897,1.1869
Manny Machado,4,CHC @ SD,0.14,+614,1.1869
Jackson Merrill,5,CHC @ SD,0.1197,+735,1.1869
Xander Bogaerts,6,CHC @ SD,0.0834,+1099,1.1869
Jake Cronenworth,7,CHC @ SD,0.0887,+1027,1.1869
Kyle Higashioka,8,CHC @ SD,0.1172,+753,1.1869
Mason McCoy,9,CHC @ SD,0.0687,+1356,1.1869
