pitcher,player_name,game_date,pitches_thrown
445276,"Jansen, Kenley",2026-09-14,13
518886,"Kimbrel, Craig",2026-09-13,16
547179,"Lorenzen, Michael",2026-09-13,15
547973,"Chapman, Aroldis",2026-09-13,25
571510,"Boyd, Matthew",2026-09-13,88
571927,"Matz, Steven",2026-09-13,10
573009,"Mantiply, Joe",2026-09-14,16
573124,"Rogers, Taylor",2026-09-13,22
573204,"Thielbar, Caleb",2026-09-13,14
592773,"Stanek, Ryne",2026-09-14,26
592779,"Stewart, Brock",2026-09-13,4
593958,"Rodriguez, Eduardo",2026-09-13,99
593974,"Peralta, Wandy",2026-09-13,15
596133,"Weaver, Luke",2026-09-13,7
601713,"Pivetta, Nick",2026-09-13,69
605242,"Fulmer, Michael",2026-09-14,21
605447,"Romano, Jordan",2026-09-14,16
606996,"Hart, Kyle",2026-09-13,20
606996,"Hart, Kyle",2026-09-14,17
608372,"Sugano, Tomoyuki",2026-09-14,88
615698,"Quantrill, Cal",2026-09-13,70
621074,"Rucker, Michael",2026-09-14,26
621112,"Blackburn, Paul",2026-09-13,13
621237,"Alvarado, José",2026-09-13,21
621345,"Minter, A.J.",2026-09-14,18
621383,"Banks, Tanner",2026-09-13,35
622554,"Domínguez, Seranthony",2026-09-13,18
622608,"Senzatela, Antonio",2026-09-13,8
623149,"Sewald, Paul",2026-09-14,7
623465,"Phillips, Evan",2026-09-14,17
623474,"Herget, Jimmy",2026-09-13,30
625643,"López, Reynaldo",2026-09-14,62
640448,"Finnegan, Kyle",2026-09-14,28
641302,"Alexander, Tyler",2026-09-13,24
641401,"Brogdon, Connor",2026-09-14,14
641755,"Kinley, Tyler",2026-09-14,11
641941,"Pagán, Emilio",2026-09-13,17
642048,"Saucedo, Tayler",2026-09-13,14
642100,"Speier, Gabe",2026-09-13,19
642121,"Sulser, Cole",2026-09-13,13
642528,"Loáisiga, Jonathan",2026-09-14,23
642547,"Peralta, Freddy",2026-09-13,86
642701,"Santana, Dennis",2026-09-13,9
643511,"Rogers, Tyler",2026-09-13,14
645261,"Alcantara, Sandy",2026-09-14,101
650644,"Civale, Aaron",2026-09-13,45
656240,"Blewett, Scott",2026-09-13,20
656271,"Burke, Brock",2026-09-13,10
656302,"Cease, Dylan",2026-09-13,94
656464,"Ginkel, Kevin",2026-09-14,22
656546,"Hoffman, Jeff",2026-09-14,13
656550,"Holmes, Grant",2026-09-13,71
656641,"Latz, Jacob",2026-09-13,21
656794,"Newcomb, Sean",2026-09-14,13
656848,"Petersen, Michael",2026-09-14,24
656849,"Peterson, David",2026-09-14,85
656945,"Scott, Tanner",2026-09-13,12
657277,"Webb, Logan",2026-09-13,92
657612,"Hill, Tim",2026-09-14,15
657746,"Ryan, Joe",2026-09-13,84
660825,"Bazardo, Eduard",2026-09-14,6
660853,"De Los Santos, Enyel",2026-09-13,24
662253,"Muñoz, Andrés",2026-09-13,14
663554,"Mize, Casey",2026-09-14,75
663559,"Falter, Bailey",2026-09-13,20
663574,"Santillan, Tony",2026-09-14,22
663623,"Irvin, Jake",2026-09-13,76
663687,"Harris, Hogan",2026-09-13,20
663878,"Pearson, Nate",2026-09-13,22
663947,"Holton, Tyler",2026-09-14,15
664126,"Fairbanks, Pete",2026-09-14,6
664129,"Hartlieb, Geoff",2026-09-13,25
664199,"Clarke, Taylor",2026-09-13,16
664991,"Wolfram, Grant",2026-09-14,14
665152,"Kremer, Dean",2026-09-14,94
665622,"Medina, Luis",2026-09-13,15
665660,"Alvarado, Elvis",2026-09-13,14
665665,"Sanmartin, Reiver",2026-09-14,11
665871,"Assad, Javier",2026-09-14,30
666157,"Lodolo, Nick",2026-09-14,104
666171,"Zeferjahn, Ryan",2026-09-14,24
666277,"Soriano, George",2026-09-13,29
666661,"Morillo, Juan",2026-09-14,24
666974,"Cano, Yennier",2026-09-14,4
667297,"Nance, Tommy",2026-09-13,21
667297,"Nance, Tommy",2026-09-14,22
667652,"Ralston, Jack",2026-09-13,21
667652,"Ralston, Jack",2026-09-14,6
667755,"Soriano, José",2026-09-14,90
668909,"Williams, Gavin",2026-09-14,113
668941,"Romero, JoJo",2026-09-13,15
668984,"Legumina, Casey",2026-09-13,27
669020,"Rolison, Ryan",2026-09-14,13
669062,"Miller, Erik",2026-09-13,16
669084,"Hall, DL",2026-09-13,18
669203,"Burnes, Corbin",2026-09-14,75
669270,"Kuhnel, Joel",2026-09-14,25
669276,"Lee, Dylan",2026-09-13,14
669373,"Skubal, Tarik",2026-09-14,90
669387,"Mlodzinski, Carmen",2026-09-13,28
669432,"Rogers, Trevor",2026-09-13,95
669684,"Murphy, Chris",2026-09-13,33
669711,"Weissert, Greg",2026-09-13,11
669713,"Wesneski, Hayden",2026-09-13,62
669854,"Blanco, Ronel",2026-09-13,62
670036,"Festa, Matt",2026-09-13,21
670167,"Schreiber, John",2026-09-14,20
670245,"Watson, Ryan",2026-09-14,16
670280,"Bednar, David",2026-09-13,18
670329,"Garcia, Rico",2026-09-14,14
670950,"Richards, Trevor",2026-09-13,14
670950,"Richards, Trevor",2026-09-14,9
670970,"Morejon, Adrian",2026-09-14,9
671111,"Peralta, Sammy",2026-09-13,16
671162,"Thomas, Connor",2026-09-13,11
672282,"Detmers, Reid",2026-09-14,95
672841,"Vargas, Carlos",2026-09-13,14
673380,"Núñez, Dedniel",2026-09-14,14
673513,"Matsui, Yuki",2026-09-13,21
673540,"Senga, Kodai",2026-09-14,24
675512,"Melton, Troy",2026-09-14,76
675848,"Mejia, Juan",2026-09-14,23
676395,"Garcia, Robert",2026-09-13,11
676428,"Hurter, Brant",2026-09-13,13
676440,"Bibee, Tanner",2026-09-13,96
676477,"Whitlock, Garrett",2026-09-13,9
676534,"Faucher, Calvin",2026-09-14,14
676604,"Zuber, Tyler",2026-09-14,19
676617,"O'Brien, Riley",2026-09-14,19
676620,"Weiman, Blake",2026-09-14,12
676742,"Sanders, Cam",2026-09-13,8
677020,"Walker, Josh",2026-09-14,22
677865,"Bruihl, Justin",2026-09-14,7
677944,"Cecconi, Slade",2026-09-14,41
677955,"Hill, Jaden",2026-09-13,24
678061,"Kerr, Ray",2026-09-13,34
679885,"Martinez, Justin",2026-09-14,17
680570,"Rodriguez, Grayson",2026-09-13,93
680604,"Castaño, Blas",2026-09-14,21
680732,"Burke, Sean",2026-09-14,94
680755,"Fisher, Braydon",2026-09-13,7
680767,"Vodnik, Victor",2026-09-13,37
680899,"Tolman, Erik",2026-09-13,25
681035,"Scott, Christian",2026-09-13,82
681190,"Vásquez, Randy",2026-09-13,23
681320,"Lavender, Nate",2026-09-13,11
681810,"Warren, Austin",2026-09-13,16
681867,"Criswell, Cooper",2026-09-14,24
681870,"Sabrowski, Erik",2026-09-13,5
681892,"Funderburk, Kody",2026-09-14,3
681911,"Vesia, Alex",2026-09-13,10
681911,"Vesia, Alex",2026-09-14,11
682052,"Lopez, Jacob",2026-09-13,85
682120,"Herrin, Tim",2026-09-14,18
682227,"Williamson, Brandon",2026-09-13,47
682243,"Miller, Bryce",2026-09-13,91
682254,"Montgomery, Mason",2026-09-13,7
682274,"Hiraldo, Yaramil",2026-09-13,49
682825,"Mey, Luis",2026-09-14,15
682842,"Uribe, Abner",2026-09-13,17
682982,"Espino, Daniel",2026-09-14,12
682989,"Mederos, Victor",2026-09-13,17
683000,"Cornelio, Riley",2026-09-13,34
683363,"Wilkinson, Matt",2026-09-13,37
683618,"Henriquez, Edgardo",2026-09-13,22
683769,"Gaddis, Hunter",2026-09-13,8
684665,"Murphy, Luke",2026-09-13,31
686218,"Sheehan, Emmet",2026-09-13,81
686934,"McFarlane, Alex",2026-09-13,14
686973,"Varland, Louis",2026-09-14,31
687064,"Young, Brandon",2026-09-14,106
687273,"Mathews, Quinn",2026-09-14,99
687312,"Hughes, Gabriel",2026-09-13,70
687396,"Headrick, Brent",2026-09-13,16
688107,"Gasser, Robert",2026-09-13,89
688158,"Morgan, David",2026-09-13,15
688642,"Agnos, Zach",2026-09-13,36
689225,"Brieske, Beau",2026-09-14,40
689254,"Fluharty, Mason",2026-09-13,14
689818,"Sandlin, David",2026-09-13,70
690829,"Joyce, Ben",2026-09-14,20
690978,"Fulton, Dax",2026-09-13,14
691587,"Pérez, Eury",2026-09-13,96
691725,"Painter, Andrew",2026-09-13,87
693308,"Frasso, Nick",2026-09-13,17
693313,"Seymour, Carson",2026-09-14,9
693645,"Schlittler, Cam",2026-09-13,94
694037,"Palencia, Daniel",2026-09-13,18
694357,"Tiedemann, Ricky",2026-09-13,19
694738,"Roupp, Landen",2026-09-14,88
694795,"Ekness, Josh",2026-09-13,13
695243,"Miller, Mason",2026-09-14,14
695378,"Sinclair, Jack",2026-09-13,12
695505,"Burns, Chase",2026-09-13,56
695549,"Jobe, Jackson",2026-09-13,87
696146,"Smith, Hagen",2026-09-14,26
696149,"Chandler, Bubba",2026-09-13,90
699134,"Rodriguez, Bradgley",2026-09-14,20
700241,"McGreevy, Michael",2026-09-13,90
700270,"Díaz, Yilber",2026-09-13,21
700363,"Smith-Shawver, AJ",2026-09-14,81
700669,"Graceffo, Gordon",2026-09-13,26
701519,"Adams, Travis",2026-09-13,36
701542,"Warren, Will",2026-09-14,92
702070,"Cameron, Noah",2026-09-13,85
702193,"Morris, Andrew",2026-09-14,11
702752,"Pintaro, Jonathan",2026-09-14,14
801139,"Tolle, Payton",2026-09-13,96
804636,"Tong, Jonah",2026-09-14,83
805299,"Garcia, Brandyn",2026-09-13,7
805345,"Harris, Trent",2026-09-13,5
805345,"Harris, Trent",2026-09-14,13
807739,"Anderson, Kade",2026-09-14,72
811315,"Hopkins, Brody",2026-09-13,22
815081,"Manfredi, Mark",2026-09-14,19
